alice smith,12,3,8,0.72
bob jones,5,1,4,0.45
charlie brown,20,7,12,0.83
diana prince,3,0,3,0.33
evan walker,9,2,6,0.67
fiona green,15,5,10,0.75
george hill,1,0,1,0.25
hannah scott,18,6,11,0.79
ian black,7,2,5,0.58
julia white,11,4,8,0.7
kevin grey,4,1,3,0.42
laura king,22,8,13,0.85
mike turner,6,1,5,0.52
nina ross,14,4,9,0.73
oliver stone,2,0,2,0.3
penny lane,16,5,10,0.76
quinn fox,8,3,6,0.62
rachel adams,19,7,11,0.8
sam wilson,10,3,7,0.68
tina brooks,13,4,9,0.71
uma frost,5,2,4,0.48
victor hall,17,6,11,0.78
wendy marsh,3,1,2,0.38
xander cole,9,3,6,0.65
yasmine reed,21,8,12,0.82
zoe banks,7,2,5,0.55
tom hardy,11,4,8,0.69
sara mills,6,1,4,0.5
ryan cross,14,5,9,0.74
paula west,8,2,6,0.6
noah grant,16,6,10,0.77
mia ford,4,1,3,0.4
liam hunt,20,7,12,0.81
kate moon,2,0,2,0.28
james bond,18,6,11,0.79
isla dawn,9,3,7,0.64
harry pine,13,5,9,0.72
conor,0,0,20,0.0
